{
    "Version": "1.2",
    "Data": {
        "Source": "c:\\users\\peter mamaev\\onedrive\\documents\\unreal projects\\myproject2\\source\\myproject2\\myproject2.cpp",
        "ProvidedModule": "",
        "Includes": [
            "c:\\users\\peter mamaev\\onedrive\\documents\\unreal projects\\myproject2\\intermediate\\build\\win64\\x64\\unrealeditor\\development\\myproject2\\definitions.myproject2.h",
            "c:\\users\\peter mamaev\\onedrive\\documents\\unreal projects\\myproject2\\intermediate\\build\\win64\\x64\\myproject2editor\\development\\unrealed\\shareddefinitions.unrealed.project.valapi.cpp20.inclorderoldest.h",
            "c:\\users\\peter mamaev\\onedrive\\documents\\unreal projects\\myproject2\\source\\myproject2\\myproject2.h",
            "c:\\program files\\epic games\\ue_5.4\\engine\\source\\runtime\\core\\public\\coreminimal.h",
            "c:\\program files\\epic games\\ue_5.4\\engine\\source\\runtime\\core\\public\\coretypes.h",
            "c:\\program files\\epic games\\ue_5.4\\engine\\source\\runtime\\core\\public\\hal\\platform.h",
            "c:\\program files\\epic games\\ue_5.4\\engine\\source\\runtime\\core\\public\\misc\\build.h",
            "c:\\program files\\epic games\\ue_5.4\\engine\\source\\runtime\\core\\public\\misc\\largeworldcoordinates.h",
            "c:\\program files\\epic games\\ue_5.4\\engine\\source\\runtime\\core\\public\\hal\\preprocessorhelpers.h",
            "c:\\program files\\epic games\\ue_5.4\\engine\\source\\runtime\\core\\public\\windows\\windowsplatformcompilerpresetup.h",
            "c:\\program files\\epic games\\ue_5.4\\engine\\source\\runtime\\core\\public\\msvc\\msvcplatformcompilerpresetup.h",
            "c:\\program files\\epic games\\ue_5.4\\engine\\source\\runtime\\core\\public\\genericplatform\\genericplatformcompilerpresetup.h",
            "c:\\program files\\epic games\\ue_5.4\\engine\\source\\runtime\\core\\public\\genericplatform\\genericplatform.h",
            "c:\\program files\\epic games\\ue_5.4\\engine\\source\\runtime\\core\\public\\windows\\windowsplatformcodeanalysis.h",
            "c:\\program files\\epic games\\ue_5.4\\engine\\source\\runtime\\core\\public\\windows\\windowsplatform.h",
            "c:\\program files\\microsoft visual studio\\2022\\community\\vc\\tools\\msvc\\14.38.33130\\include\\sal.h",
            "c:\\program files\\microsoft visual studio\\2022\\community\\vc\\tools\\msvc\\14.38.33130\\include\\concurrencysal.h",
            "c:\\program files\\epic games\\ue_5.4\\engine\\source\\runtime\\core\\public\\msvc\\msvcplatform.h",
            "c:\\program files\\epic games\\ue_5.4\\engine\\source\\runtime\\core\\public\\windows\\windowsplatformcompilersetup.h",
            "c:\\program files\\epic games\\ue_5.4\\engine\\source\\runtime\\core\\public\\profilingdebugging\\umemorydefines.h",
            "c:\\program files\\epic games\\ue_5.4\\engine\\source\\runtime\\core\\public\\misc\\coremiscdefines.h",
            "c:\\program files\\epic games\\ue_5.4\\engine\\source\\runtime\\core\\public\\misc\\coredefines.h",
            "c:\\program files\\epic games\\ue_5.4\\engine\\source\\runtime\\core\\public\\corefwd.h",
            "c:\\program files\\epic games\\ue_5.4\\engine\\source\\runtime\\core\\public\\containers\\containersfwd.h",
            "c:\\program files\\epic games\\ue_5.4\\engine\\source\\runtime\\core\\public\\traits\\iscontiguouscontainer.h",
            "c:\\program files\\epic games\\ue_5.4\\engine\\source\\runtime\\core\\public\\misc\\staticassertcompletetype.h",
            "c:\\program files\\microsoft visual studio\\2022\\community\\vc\\tools\\msvc\\14.38.33130\\include\\initializer_list",
            "c:\\program files\\microsoft visual studio\\2022\\community\\vc\\tools\\msvc\\14.38.33130\\include\\yvals_core.h",
            "c:\\program files\\microsoft visual studio\\2022\\community\\vc\\tools\\msvc\\14.38.33130\\include\\vcruntime.h",
            "c:\\program files\\microsoft visual studio\\2022\\community\\vc\\tools\\msvc\\14.38.33130\\include\\vadefs.h",
            "c:\\program files\\microsoft visual studio\\2022\\community\\vc\\tools\\msvc\\14.38.33130\\include\\xkeycheck.h",
            "c:\\program files\\microsoft visual studio\\2022\\community\\vc\\tools\\msvc\\14.38.33130\\include\\cstddef",
            "c:\\program files (x86)\\windows kits\\10\\include\\10.0.26100.0\\ucrt\\stddef.h",
            "c:\\program files (x86)\\windows kits\\10\\include\\10.0.26100.0\\ucrt\\corecrt.h",
            "c:\\program files\\microsoft visual studio\\2022\\community\\vc\\tools\\msvc\\14.38.33130\\include\\xtr1common",
            "c:\\program files\\epic games\\ue_5.4\\engine\\source\\runtime\\core\\public\\math\\mathfwd.h",
            "c:\\program files\\epic games\\ue_5.4\\engine\\source\\runtime\\core\\public\\uobject\\uobjecthierarchyfwd.h",
            "c:\\program files\\epic games\\ue_5.4\\engine\\source\\runtime\\core\\public\\misc\\varargs.h",
            "c:\\program files\\epic games\\ue_5.4\\engine\\source\\runtime\\core\\public\\logging\\logverbosity.h",
            "c:\\program files\\epic games\\ue_5.4\\engine\\source\\runtime\\core\\public\\misc\\outputdevice.h",
            "c:\\program files\\epic games\\ue_5.4\\engine\\source\\runtime\\core\\public\\templates\\isarrayorrefoftypebypredicate.h",
            "c:\\program files\\epic games\\ue_5.4\\engine\\source\\runtime\\core\\public\\templates\\isvalidvariadicfunctionarg.h",
            "c:\\program files\\epic games\\ue_5.4\\engine\\source\\runtime\\core\\public\\templates\\isenum.h",
            "c:\\program files\\epic games\\ue_5.4\\engine\\source\\runtime\\core\\public\\traits\\ischarencodingcompatiblewith.h",
            "c:\\program files\\microsoft visual studio\\2022\\community\\vc\\tools\\msvc\\14.38.33130\\include\\type_traits",
            "c:\\program files\\microsoft visual studio\\2022\\community\\vc\\tools\\msvc\\14.38.33130\\include\\cstdint",
            "c:\\program files\\microsoft visual studio\\2022\\community\\vc\\tools\\msvc\\14.38.33130\\include\\stdint.h",
            "c:\\program files\\epic games\\ue_5.4\\engine\\source\\runtime\\core\\public\\traits\\ischartype.h",
            "c:\\program files\\epic games\\ue_5.4\\engine\\source\\runtime\\core\\public\\hal\\platformcrt.h",
            "c:\\program files\\microsoft visual studio\\2022\\community\\vc\\tools\\msvc\\14.38.33130\\include\\new",
            "c:\\program files\\microsoft visual studio\\2022\\community\\vc\\tools\\msvc\\14.38.33130\\include\\exception",
            "c:\\program files\\microsoft visual studio\\2022\\community\\vc\\tools\\msvc\\14.38.33130\\include\\yvals.h",
            "c:\\program files (x86)\\windows kits\\10\\include\\10.0.26100.0\\ucrt\\crtdbg.h",
            "c:\\program files\\microsoft visual studio\\2022\\community\\vc\\tools\\msvc\\14.38.33130\\include\\vcruntime_new_debug.h",
            "c:\\program files\\microsoft visual studio\\2022\\community\\vc\\tools\\msvc\\14.38.33130\\include\\vcruntime_new.h",
            "c:\\program files\\microsoft visual studio\\2022\\community\\vc\\tools\\msvc\\14.38.33130\\include\\crtdefs.h",
            "c:\\program files\\microsoft visual studio\\2022\\community\\vc\\tools\\msvc\\14.38.33130\\include\\use_ansi.h",
            "c:\\program files\\microsoft visual studio\\2022\\community\\vc\\tools\\msvc\\14.38.33130\\include\\cstdlib",
            "c:\\program files (x86)\\windows kits\\10\\include\\10.0.26100.0\\ucrt\\math.h",
            "c:\\program files (x86)\\windows kits\\10\\include\\10.0.26100.0\\ucrt\\corecrt_math.h",
            "c:\\program files (x86)\\windows kits\\10\\include\\10.0.26100.0\\ucrt\\stdlib.h",
            "c:\\program files (x86)\\windows kits\\10\\include\\10.0.26100.0\\ucrt\\corecrt_malloc.h",
            "c:\\program files (x86)\\windows kits\\10\\include\\10.0.26100.0\\ucrt\\corecrt_search.h",
            "c:\\program files (x86)\\windows kits\\10\\include\\10.0.26100.0\\ucrt\\corecrt_wstdlib.h",
            "c:\\program files\\microsoft visual studio\\2022\\community\\vc\\tools\\msvc\\14.38.33130\\include\\limits.h",
            "c:\\program files (x86)\\windows kits\\10\\include\\10.0.26100.0\\ucrt\\malloc.h",
            "c:\\program files\\microsoft visual studio\\2022\\community\\vc\\tools\\msvc\\14.38.33130\\include\\vcruntime_exception.h",
            "c:\\program files\\microsoft visual studio\\2022\\community\\vc\\tools\\msvc\\14.38.33130\\include\\eh.h",
            "c:\\program files (x86)\\windows kits\\10\\include\\10.0.26100.0\\ucrt\\corecrt_terminate.h",
            "c:\\program files (x86)\\windows kits\\10\\include\\10.0.26100.0\\ucrt\\wchar.h",
            "c:\\program files (x86)\\windows kits\\10\\include\\10.0.26100.0\\ucrt\\corecrt_memcpy_s.h",
            "c:\\program files (x86)\\windows kits\\10\\include\\10.0.26100.0\\ucrt\\errno.h",
            "c:\\program files\\microsoft visual studio\\2022\\community\\vc\\tools\\msvc\\14.38.33130\\include\\vcruntime_string.h",
            "c:\\program files (x86)\\windows kits\\10\\include\\10.0.26100.0\\ucrt\\corecrt_wconio.h",
            "c:\\program files (x86)\\windows kits\\10\\include\\10.0.26100.0\\ucrt\\corecrt_stdio_config.h",
            "c:\\program files (x86)\\windows kits\\10\\include\\10.0.26100.0\\ucrt\\corecrt_wctype.h",
            "c:\\program files (x86)\\windows kits\\10\\include\\10.0.26100.0\\ucrt\\corecrt_wdirect.h",
            "c:\\program files (x86)\\windows kits\\10\\include\\10.0.26100.0\\ucrt\\corecrt_wio.h",
            "c:\\program files (x86)\\windows kits\\10\\include\\10.0.26100.0\\ucrt\\corecrt_share.h",
            "c:\\program files (x86)\\windows kits\\10\\include\\10.0.26100.0\\ucrt\\corecrt_wprocess.h",
            "c:\\program files (x86)\\windows kits\\10\\include\\10.0.26100.0\\ucrt\\corecrt_wstdio.h",
            "c:\\program files (x86)\\windows kits\\10\\include\\10.0.26100.0\\ucrt\\corecrt_wstring.h",
            "c:\\program files (x86)\\windows kits\\10\\include\\10.0.26100.0\\ucrt\\corecrt_wtime.h",
            "c:\\program files (x86)\\windows kits\\10\\include\\10.0.26100.0\\ucrt\\sys\\stat.h",
            "c:\\program files (x86)\\windows kits\\10\\include\\10.0.26100.0\\ucrt\\sys\\types.h",
            "c:\\program files (x86)\\windows kits\\10\\include\\10.0.26100.0\\ucrt\\stdio.h",
            "c:\\program files\\microsoft visual studio\\2022\\community\\vc\\tools\\msvc\\14.38.33130\\include\\stdarg.h",
            "c:\\program files (x86)\\windows kits\\10\\include\\10.0.26100.0\\ucrt\\math.h",
            "c:\\program files (x86)\\windows kits\\10\\include\\10.0.26100.0\\ucrt\\float.h",
            "c:\\program files (x86)\\windows kits\\10\\include\\10.0.26100.0\\ucrt\\string.h",
            "c:\\program files (x86)\\windows kits\\10\\include\\10.0.26100.0\\ucrt\\corecrt_memory.h",
            "c:\\program files\\epic games\\ue_5.4\\engine\\source\\runtime\\core\\public\\hal\\platformmisc.h",
            "c:\\program files\\epic games\\ue_5.4\\engine\\source\\runtime\\core\\public\\genericplatform\\genericplatformmisc.h",
            "c:\\program files\\epic games\\ue_5.4\\engine\\source\\runtime\\core\\public\\containers\\stringfwd.h",
            "c:\\program files\\epic games\\ue_5.4\\engine\\source\\runtime\\core\\public\\math\\numericlimits.h",
            "c:\\program files\\epic games\\ue_5.4\\engine\\source\\runtime\\core\\public\\misc\\compressionflags.h",
            "c:\\program files\\epic games\\ue_5.4\\engine\\source\\runtime\\core\\public\\misc\\enumclassflags.h",
            "c:\\program files\\microsoft visual studio\\2022\\community\\vc\\tools\\msvc\\14.38.33130\\include\\xmmintrin.h",
            "c:\\program files\\microsoft visual studio\\2022\\community\\vc\\tools\\msvc\\14.38.33130\\include\\mmintrin.h",
            "c:\\program files\\epic games\\ue_5.4\\engine\\source\\runtime\\core\\public\\windows\\windowsplatformmisc.h",
            "c:\\program files\\epic games\\ue_5.4\\engine\\source\\runtime\\core\\public\\hal\\platformmemory.h",
            "c:\\program files\\epic games\\ue_5.4\\engine\\source\\runtime\\core\\public\\genericplatform\\genericplatformmemory.h",
            "c:\\program files\\epic games\\ue_5.4\\engine\\source\\runtime\\core\\public\\hal\\platformstring.h",
            "c:\\program files\\epic games\\ue_5.4\\engine\\source\\runtime\\core\\public\\windows\\windowsplatformstring.h",
            "c:\\program files\\epic games\\ue_5.4\\engine\\source\\runtime\\core\\public\\genericplatform\\microsoftplatformstring.h",
            "c:\\program files\\epic games\\ue_5.4\\engine\\source\\runtime\\core\\public\\misc\\char.h",
            "c:\\program files\\epic games\\ue_5.4\\engine\\source\\runtime\\core\\public\\traits\\inttype.h",
            "c:\\program files (x86)\\windows kits\\10\\include\\10.0.26100.0\\ucrt\\ctype.h",
            "c:\\program files (x86)\\windows kits\\10\\include\\10.0.26100.0\\ucrt\\wctype.h",
            "c:\\program files\\epic games\\ue_5.4\\engine\\source\\runtime\\core\\public\\genericplatform\\genericplatformstring.h",
            "c:\\program files\\epic games\\ue_5.4\\engine\\source\\runtime\\core\\public\\genericplatform\\genericplatformstricmp.h",
            "c:\\program files\\epic games\\ue_5.4\\engine\\source\\runtime\\core\\public\\templates\\enableif.h",
            "c:\\program files\\epic games\\ue_5.4\\engine\\source\\runtime\\core\\public\\traits\\ischarencodingsimplyconvertibleto.h",
            "c:\\program files\\epic games\\ue_5.4\\engine\\source\\runtime\\core\\public\\traits\\isfixedwidthcharencoding.h",
            "c:\\program files (x86)\\windows kits\\10\\include\\10.0.26100.0\\ucrt\\tchar.h",
            "c:\\program files\\epic games\\ue_5.4\\engine\\source\\runtime\\core\\public\\windows\\windowsplatformmemory.h",
            "c:\\program files\\epic games\\ue_5.4\\engine\\source\\runtime\\core\\public\\windows\\windowssystemincludes.h",
            "c:\\program files\\epic games\\ue_5.4\\engine\\source\\runtime\\core\\public\\windows\\minimalwindowsapi.h",
            "c:\\program files\\epic games\\ue_5.4\\engine\\source\\runtime\\core\\public\\microsoft\\minimalwindowsapi.h",
            "c:\\program files\\microsoft visual studio\\2022\\community\\vc\\tools\\msvc\\14.38.33130\\include\\intrin.h",
            "c:\\program files\\microsoft visual studio\\2022\\community\\vc\\tools\\msvc\\14.38.33130\\include\\intrin0.inl.h",
            "c:\\program files\\microsoft visual studio\\2022\\community\\vc\\tools\\msvc\\14.38.33130\\include\\setjmp.h",
            "c:\\program files\\microsoft visual studio\\2022\\community\\vc\\tools\\msvc\\14.38.33130\\include\\immintrin.h",
            "c:\\program files\\microsoft visual studio\\2022\\community\\vc\\tools\\msvc\\14.38.33130\\include\\wmmintrin.h",
            "c:\\program files\\microsoft visual studio\\2022\\community\\vc\\tools\\msvc\\14.38.33130\\include\\nmmintrin.h",
            "c:\\program files\\microsoft visual studio\\2022\\community\\vc\\tools\\msvc\\14.38.33130\\include\\smmintrin.h",
            "c:\\program files\\microsoft visual studio\\2022\\community\\vc\\tools\\msvc\\14.38.33130\\include\\tmmintrin.h",
            "c:\\program files\\microsoft visual studio\\2022\\community\\vc\\tools\\msvc\\14.38.33130\\include\\pmmintrin.h",
            "c:\\program files\\microsoft visual studio\\2022\\community\\vc\\tools\\msvc\\14.38.33130\\include\\emmintrin.h",
            "c:\\program files\\microsoft visual studio\\2022\\community\\vc\\tools\\msvc\\14.38.33130\\include\\zmmintrin.h",
            "c:\\program files\\microsoft visual studio\\2022\\community\\vc\\tools\\msvc\\14.38.33130\\include\\ammintrin.h",
            "c:\\program files\\epic games\\ue_5.4\\engine\\source\\runtime\\core\\public\\hal\\hidetchar.h",
            "c:\\program files\\epic games\\ue_5.4\\engine\\source\\runtime\\core\\public\\hal\\allowtchar.h",
            "c:\\program files (x86)\\windows kits\\10\\include\\10.0.26100.0\\shared\\intsafe.h",
            "c:\\program files (x86)\\windows kits\\10\\include\\10.0.26100.0\\shared\\winapifamily.h",
            "c:\\program files (x86)\\windows kits\\10\\include\\10.0.26100.0\\shared\\winpackagefamily.h",
            "c:\\program files (x86)\\windows kits\\10\\include\\10.0.26100.0\\shared\\specstrings.h",
            "c:\\program files (x86)\\windows kits\\10\\include\\10.0.26100.0\\shared\\specstrings_strict.h",
            "c:\\program files (x86)\\windows kits\\10\\include\\10.0.26100.0\\shared\\specstrings_undef.h",
            "c:\\program files (x86)\\windows kits\\10\\include\\10.0.26100.0\\shared\\driverspecs.h",
            "c:\\program files (x86)\\windows kits\\10\\include\\10.0.26100.0\\shared\\sdv_driverspecs.h",
            "c:\\program files (x86)\\windows kits\\10\\include\\10.0.26100.0\\shared\\strsafe.h",
            "c:\\program files\\epic games\\ue_5.4\\engine\\source\\runtime\\core\\public\\profilingdebugging\\cpuprofilertrace.h",
            "c:\\program files\\epic games\\ue_5.4\\engine\\source\\runtime\\core\\public\\hal\\platformatomics.h",
            "c:\\program files\\epic games\\ue_5.4\\engine\\source\\runtime\\core\\public\\genericplatform\\genericplatformatomics.h",
            "c:\\program files\\epic games\\ue_5.4\\engine\\source\\runtime\\core\\public\\windows\\windowsplatformatomics.h",
            "c:\\program files\\epic games\\ue_5.4\\engine\\source\\runtime\\tracelog\\public\\trace\\config.h",
            "c:\\program files\\epic games\\ue_5.4\\engine\\source\\runtime\\tracelog\\public\\trace\\detail\\channel.h",
            "c:\\program files\\epic games\\ue_5.4\\engine\\source\\runtime\\tracelog\\public\\trace\\detail\\channel.inl",
            "c:\\program files\\epic games\\ue_5.4\\engine\\source\\runtime\\tracelog\\public\\trace\\trace.h",
            "c:\\program files\\epic games\\ue_5.4\\engine\\source\\runtime\\tracelog\\public\\trace\\detail\\trace.h",
            "c:\\program files\\epic games\\ue_5.4\\engine\\source\\runtime\\core\\public\\misc\\launder.h",
            "c:\\program files\\epic games\\ue_5.4\\engine\\source\\runtime\\core\\public\\misc\\assertionmacros.h",
            "c:\\program files\\epic games\\ue_5.4\\engine\\source\\runtime\\core\\public\\string\\formatstringsan.h",
            "c:\\program files\\microsoft visual studio\\2022\\community\\vc\\tools\\msvc\\14.38.33130\\include\\atomic",
            "c:\\program files\\microsoft visual studio\\2022\\community\\vc\\tools\\msvc\\14.38.33130\\include\\cstring",
            "c:\\program files\\microsoft visual studio\\2022\\community\\vc\\tools\\msvc\\14.38.33130\\include\\xatomic.h",
            "c:\\program files\\microsoft visual studio\\2022\\community\\vc\\tools\\msvc\\14.38.33130\\include\\intrin0.h",
            "c:\\program files\\microsoft visual studio\\2022\\community\\vc\\tools\\msvc\\14.38.33130\\include\\xatomic_wait.h",
            "c:\\program files\\microsoft visual studio\\2022\\community\\vc\\tools\\msvc\\14.38.33130\\include\\xthreads.h",
            "c:\\program files\\microsoft visual studio\\2022\\community\\vc\\tools\\msvc\\14.38.33130\\include\\climits",
            "c:\\program files\\microsoft visual studio\\2022\\community\\vc\\tools\\msvc\\14.38.33130\\include\\xtimec.h",
            "c:\\program files\\microsoft visual studio\\2022\\community\\vc\\tools\\msvc\\14.38.33130\\include\\ctime",
            "c:\\program files (x86)\\windows kits\\10\\include\\10.0.26100.0\\ucrt\\time.h",
            "c:\\program files\\epic games\\ue_5.4\\engine\\source\\runtime\\core\\public\\templates\\ispointer.h",
            "c:\\program files\\epic games\\ue_5.4\\engine\\source\\runtime\\core\\public\\misc\\exec.h",
            "c:\\program files\\epic games\\ue_5.4\\engine\\source\\runtime\\core\\public\\hal\\memorybase.h",
            "c:\\program files\\epic games\\ue_5.4\\engine\\source\\runtime\\core\\public\\templates\\atomic.h",
            "c:\\program files\\epic games\\ue_5.4\\engine\\source\\runtime\\core\\public\\hal\\threadsafecounter.h",
            "c:\\program files\\epic games\\ue_5.4\\engine\\source\\runtime\\core\\public\\hal\\threadsafecounter64.h",
            "c:\\program files\\epic games\\ue_5.4\\engine\\source\\runtime\\core\\public\\templates\\isintegral.h",
            "c:\\program files\\epic games\\ue_5.4\\engine\\source\\runtime\\core\\public\\templates\\istrivial.h",
            "c:\\program files\\epic games\\ue_5.4\\engine\\source\\runtime\\core\\public\\templates\\andornot.h",
            "c:\\program files\\epic games\\ue_5.4\\engine\\source\\runtime\\core\\public\\templates\\istriviallydestructible.h",
            "c:\\program files\\epic games\\ue_5.4\\engine\\source\\runtime\\core\\public\\templates\\istriviallycopyconstructible.h",
            "c:\\program files\\epic games\\ue_5.4\\engine\\source\\runtime\\core\\public\\templates\\istriviallycopyassignable.h",
            "c:\\program files\\epic games\\ue_5.4\\engine\\source\\runtime\\core\\public\\hal\\unrealmemory.h",
            "c:\\program files\\epic games\\ue_5.4\\engine\\source\\runtime\\core\\public\\profilingdebugging\\memorytrace.h",
            "c:\\program files\\epic games\\ue_5.4\\engine\\source\\runtime\\core\\public\\templates\\isarithmetic.h",
            "c:\\program files\\epic games\\ue_5.4\\engine\\source\\runtime\\core\\public\\templates\\ispodtype.h",
            "c:\\program files\\epic games\\ue_5.4\\engine\\source\\runtime\\core\\public\\templates\\isuecoretype.h",
            "c:\\program files\\epic games\\ue_5.4\\engine\\source\\runtime\\core\\public\\templates\\unrealtypetraits.h",
            "c:\\program files\\epic games\\ue_5.4\\engine\\source\\runtime\\core\\public\\templates\\models.h",
            "c:\\program files\\epic games\\ue_5.4\\engine\\source\\runtime\\core\\public\\templates\\identity.h",
            "c:\\program files\\epic games\\ue_5.4\\engine\\source\\runtime\\core\\public\\templates\\removereference.h",
            "c:\\program files\\epic games\\ue_5.4\\engine\\source\\runtime\\core\\public\\templates\\integralconstant.h",
            "c:\\program files\\epic games\\ue_5.4\\engine\\source\\runtime\\core\\public\\templates\\isclass.h",
            "c:\\program files\\epic games\\ue_5.4\\engine\\source\\runtime\\core\\public\\templates\\typecompatiblebytes.h",
            "c:\\program files\\epic games\\ue_5.4\\engine\\source\\runtime\\core\\public\\templates\\unrealtemplate.h",
            "c:\\program files\\epic games\\ue_5.4\\engine\\source\\runtime\\core\\public\\templates\\copyqualifiersandrefsfromto.h",
            "c:\\program files\\epic games\\ue_5.4\\engine\\source\\runtime\\core\\public\\templates\\copyqualifiersfromto.h",
            "c:\\program files\\epic games\\ue_5.4\\engine\\source\\runtime\\core\\public\\traits\\usebitwiseswap.h",
            "c:\\program files\\epic games\\ue_5.4\\engine\\source\\runtime\\core\\public\\hal\\platformmath.h",
            "c:\\program files\\epic games\\ue_5.4\\engine\\source\\runtime\\core\\public\\genericplatform\\genericplatformmath.h",
            "c:\\program files\\epic games\\ue_5.4\\engine\\source\\runtime\\core\\public\\templates\\decay.h",
            "c:\\program files\\epic games\\ue_5.4\\engine\\source\\runtime\\core\\public\\templates\\isfloatingpoint.h",
            "c:\\program files\\epic games\\ue_5.4\\engine\\source\\runtime\\core\\public\\templates\\resolvetypeambiguity.h",
            "c:\\program files\\epic games\\ue_5.4\\engine\\source\\runtime\\core\\public\\templates\\issigned.h",
            "c:\\program files\\microsoft visual studio\\2022\\community\\vc\\tools\\msvc\\14.38.33130\\include\\limits",
            "c:\\program files\\microsoft visual studio\\2022\\community\\vc\\tools\\msvc\\14.38.33130\\include\\cfloat",
            "c:\\program files\\microsoft visual studio\\2022\\community\\vc\\tools\\msvc\\14.38.33130\\include\\cwchar",
            "c:\\program files\\microsoft visual studio\\2022\\community\\vc\\tools\\msvc\\14.38.33130\\include\\cstdio",
            "c:\\program files (x86)\\windows kits\\10\\include\\10.0.26100.0\\ucrt\\fenv.h",
            "c:\\program files\\epic games\\ue_5.4\\engine\\source\\runtime\\core\\public\\windows\\windowsplatformmath.h",
            "c:\\program files\\epic games\\ue_5.4\\engine\\source\\runtime\\core\\public\\microsoft\\microsoftplatformmath.h",
            "c:\\program files\\epic games\\ue_5.4\\engine\\source\\runtime\\core\\public\\math\\unrealplatformmathsse4.h",
            "c:\\program files\\epic games\\ue_5.4\\engine\\source\\runtime\\core\\public\\math\\unrealplatformmathsse.h",
            "c:\\program files\\epic games\\ue_5.4\\engine\\source\\runtime\\core\\public\\templates\\memoryops.h",
            "c:\\program files\\epic games\\ue_5.4\\engine\\source\\runtime\\core\\public\\containers\\containerallocationpolicies.h",
            "c:\\program files\\epic games\\ue_5.4\\engine\\source\\runtime\\core\\public\\containers\\containerhelpers.h",
            "c:\\program files\\epic games\\ue_5.4\\engine\\source\\runtime\\core\\public\\templates\\ispolymorphic.h",
            "c:\\program files\\epic games\\ue_5.4\\engine\\source\\runtime\\core\\public\\templates\\isenumclass.h",
            "c:\\program files\\epic games\\ue_5.4\\engine\\source\\runtime\\core\\public\\hal\\platformproperties.h",
            "c:\\program files\\epic games\\ue_5.4\\engine\\source\\runtime\\core\\public\\genericplatform\\genericplatformproperties.h",
            "c:\\program files\\epic games\\ue_5.4\\engine\\source\\runtime\\core\\public\\windows\\windowsplatformproperties.h",
            "c:\\program files\\epic games\\ue_5.4\\engine\\source\\runtime\\core\\public\\misc\\compression.h",
            "c:\\program files\\epic games\\ue_5.4\\engine\\source\\runtime\\core\\public\\containers\\map.h",
            "c:\\program files\\epic games\\ue_5.4\\engine\\source\\runtime\\core\\public\\algo\\reverse.h",
            "c:\\program files\\epic games\\ue_5.4\\engine\\source\\runtime\\core\\public\\containers\\containerelementtypecompatibility.h",
            "c:\\program files\\epic games\\ue_5.4\\engine\\source\\runtime\\core\\public\\containers\\set.h",
            "c:\\program files\\epic games\\ue_5.4\\engine\\source\\runtime\\core\\public\\templates\\sorting.h",
            "c:\\program files\\epic games\\ue_5.4\\engine\\source\\runtime\\core\\public\\algo\\binarysearch.h",
            "c:\\program files\\epic games\\ue_5.4\\engine\\source\\runtime\\core\\public\\templates\\identityfunctor.h",
            "c:\\program files\\epic games\\ue_5.4\\engine\\source\\runtime\\core\\public\\templates\\invoke.h",
            "c:\\program files\\epic games\\ue_5.4\\engine\\source\\runtime\\core\\public\\traits\\memberfunctionptrouter.h",
            "c:\\program files\\epic games\\ue_5.4\\engine\\source\\runtime\\core\\public\\templates\\less.h",
            "c:\\program files\\epic games\\ue_5.4\\engine\\source\\runtime\\core\\public\\algo\\sort.h",
            "c:\\program files\\epic games\\ue_5.4\\engine\\source\\runtime\\core\\public\\algo\\introsort.h",
            "c:\\program files\\epic games\\ue_5.4\\engine\\source\\runtime\\core\\public\\algo\\impl\\binaryheap.h",
            "c:\\program files\\epic games\\ue_5.4\\engine\\source\\runtime\\core\\public\\templates\\reversepredicate.h",
            "c:\\program files\\epic games\\ue_5.4\\engine\\source\\runtime\\core\\public\\math\\unrealmathutility.h",
            "c:\\program files\\epic games\\ue_5.4\\engine\\source\\runtime\\core\\public\\containers\\array.h",
            "c:\\program files\\epic games\\ue_5.4\\engine\\source\\runtime\\core\\public\\misc\\reverseiterate.h",
            "c:\\program files\\microsoft visual studio\\2022\\community\\vc\\tools\\msvc\\14.38.33130\\include\\iterator",
            "c:\\program files\\microsoft visual studio\\2022\\community\\vc\\tools\\msvc\\14.38.33130\\include\\iosfwd",
            "c:\\program files\\microsoft visual studio\\2022\\community\\vc\\tools\\msvc\\14.38.33130\\include\\xutility",
            "c:\\program files\\microsoft visual studio\\2022\\community\\vc\\tools\\msvc\\14.38.33130\\include\\__msvc_iter_core.hpp",
            "c:\\program files\\microsoft visual studio\\2022\\community\\vc\\tools\\msvc\\14.38.33130\\include\\utility",
            "c:\\program files\\microsoft visual studio\\2022\\community\\vc\\tools\\msvc\\14.38.33130\\include\\concepts",
            "c:\\program files\\microsoft visual studio\\2022\\community\\vc\\tools\\msvc\\14.38.33130\\include\\compare",
            "c:\\program files\\epic games\\ue_5.4\\engine\\source\\runtime\\core\\public\\containers\\allowshrinking.h",
            "c:\\program files\\epic games\\ue_5.4\\engine\\source\\runtime\\core\\public\\serialization\\archive.h",
            "c:\\program files\\epic games\\ue_5.4\\engine\\source\\runtime\\core\\public\\internationalization\\textnamespacefwd.h",
            "c:\\program files\\epic games\\ue_5.4\\engine\\source\\runtime\\core\\public\\misc\\engineversionbase.h",
            "c:\\program files\\epic games\\ue_5.4\\engine\\source\\runtime\\core\\public\\serialization\\archivecookdata.h",
            "c:\\program files\\epic games\\ue_5.4\\engine\\source\\runtime\\core\\public\\uobject\\objectversion.h",
            "c:\\program files\\epic games\\ue_5.4\\engine\\source\\runtime\\core\\public\\templates\\function.h",
            "c:\\program files\\epic games\\ue_5.4\\engine\\source\\runtime\\core\\public\\misc\\intrusiveunsetoptionalstate.h",
            "c:\\program files\\epic games\\ue_5.4\\engine\\source\\runtime\\core\\public\\misc\\optionalfwd.h",
            "c:\\program files\\epic games\\ue_5.4\\engine\\source\\runtime\\core\\public\\templates\\functionfwd.h",
            "c:\\program files\\epic games\\ue_5.4\\engine\\source\\runtime\\core\\public\\templates\\isconstructible.h",
            "c:\\program files\\epic games\\ue_5.4\\engine\\source\\runtime\\core\\public\\templates\\isinvocable.h",
            "c:\\program files\\epic games\\ue_5.4\\engine\\source\\runtime\\core\\public\\templates\\ismemberpointer.h",
            "c:\\program files\\epic games\\ue_5.4\\engine\\source\\runtime\\core\\public\\serialization\\memoryimagewriter.h",
            "c:\\program files\\epic games\\ue_5.4\\engine\\source\\runtime\\core\\public\\serialization\\memorylayout.h",
            "c:\\program files\\epic games\\ue_5.4\\engine\\source\\runtime\\core\\public\\concepts\\staticclassprovider.h",
            "c:\\program files\\epic games\\ue_5.4\\engine\\source\\runtime\\core\\public\\concepts\\staticstructprovider.h",
            "c:\\program files\\epic games\\ue_5.4\\engine\\source\\runtime\\core\\public\\containers\\enumasbyte.h",
            "c:\\program files\\epic games\\ue_5.4\\engine\\source\\runtime\\core\\public\\templates\\typehash.h",
            "c:\\program files\\epic games\\ue_5.4\\engine\\source\\runtime\\core\\public\\misc\\crc.h",
            "c:\\program files\\epic games\\ue_5.4\\engine\\source\\runtime\\core\\public\\misc\\cstring.h",
            "c:\\program files\\epic games\\ue_5.4\\engine\\source\\runtime\\core\\public\\misc\\delayedautoregister.h",
            "c:\\program files\\epic games\\ue_5.4\\engine\\source\\runtime\\core\\public\\templates\\isabstract.h",
            "c:\\program files\\epic games\\ue_5.4\\engine\\source\\runtime\\core\\public\\algo\\heapify.h",
            "c:\\program files\\epic games\\ue_5.4\\engine\\source\\runtime\\core\\public\\algo\\heapsort.h",
            "c:\\program files\\epic games\\ue_5.4\\engine\\source\\runtime\\core\\public\\algo\\isheap.h",
            "c:\\program files\\epic games\\ue_5.4\\engine\\source\\runtime\\core\\public\\algo\\stablesort.h",
            "c:\\program files\\epic games\\ue_5.4\\engine\\source\\runtime\\core\\public\\algo\\rotate.h",
            "c:\\program files\\epic games\\ue_5.4\\engine\\source\\runtime\\core\\public\\concepts\\gettypehashable.h",
            "c:\\program files\\epic games\\ue_5.4\\engine\\source\\runtime\\core\\public\\templates\\alignmenttemplates.h",
            "c:\\program files\\epic games\\ue_5.4\\engine\\source\\runtime\\core\\public\\traits\\elementtype.h",
            "c:\\program files\\epic games\\ue_5.4\\engine\\source\\runtime\\core\\public\\templates\\makeunsigned.h",
            "c:\\program files\\epic games\\ue_5.4\\engine\\source\\runtime\\core\\public\\misc\\structbuilder.h",
            "c:\\program files\\epic games\\ue_5.4\\engine\\source\\runtime\\core\\public\\containers\\sparsearray.h",
            "c:\\program files\\epic games\\ue_5.4\\engine\\source\\runtime\\core\\public\\containers\\scriptarray.h",
            "c:\\program files\\epic games\\ue_5.4\\engine\\source\\runtime\\core\\public\\containers\\bitarray.h",
            "c:\\program files\\epic games\\ue_5.4\\engine\\source\\runtime\\core\\public\\serialization\\structuredarchive.h",
            "c:\\program files\\epic games\\ue_5.4\\engine\\source\\runtime\\core\\public\\serialization\\formatters\\binaryarchiveformatter.h",
            "c:\\program files\\epic games\\ue_5.4\\engine\\source\\runtime\\core\\public\\serialization\\structuredarchiveformatter.h",
            "c:\\program files\\epic games\\ue_5.4\\engine\\source\\runtime\\core\\public\\serialization\\structuredarchivenamehelpers.h",
            "c:\\program files\\epic games\\ue_5.4\\engine\\source\\runtime\\core\\public\\serialization\\structuredarchiveadapters.h",
            "c:\\program files\\epic games\\ue_5.4\\engine\\source\\runtime\\core\\public\\concepts\\insertable.h",
            "c:\\program files\\epic games\\ue_5.4\\engine\\source\\runtime\\core\\public\\serialization\\archiveproxy.h",
            "c:\\program files\\epic games\\ue_5.4\\engine\\source\\runtime\\core\\public\\serialization\\structuredarchiveslots.h",
            "c:\\program files\\epic games\\ue_5.4\\engine\\source\\runtime\\core\\public\\misc\\optional.h",
            "c:\\program files\\epic games\\ue_5.4\\engine\\source\\runtime\\core\\public\\serialization\\structuredarchivefwd.h",
            "c:\\program files\\epic games\\ue_5.4\\engine\\source\\runtime\\core\\public\\serialization\\structuredarchiveslotbase.h",
            "c:\\program files\\epic games\\ue_5.4\\engine\\source\\runtime\\core\\public\\templates\\uniqueobj.h",
            "c:\\program files\\epic games\\ue_5.4\\engine\\source\\runtime\\core\\public\\templates\\uniqueptr.h",
            "c:\\program files\\epic games\\ue_5.4\\engine\\source\\runtime\\core\\public\\templates\\isarray.h",
            "c:\\program files\\epic games\\ue_5.4\\engine\\source\\runtime\\core\\public\\templates\\removeextent.h",
            "c:\\program files\\epic games\\ue_5.4\\engine\\source\\runtime\\core\\public\\serialization\\structuredarchivedefines.h",
            "c:\\program files\\epic games\\ue_5.4\\engine\\source\\runtime\\core\\public\\containers\\unrealstring.h",
            "c:\\program files\\epic games\\ue_5.4\\engine\\source\\runtime\\core\\public\\containers\\unrealstringincludes.h.inl",
            "c:\\program files\\epic games\\ue_5.4\\engine\\source\\runtime\\core\\public\\containers\\unrealstring.h.inl",
            "c:\\program files\\epic games\\ue_5.4\\engine\\source\\runtime\\core\\public\\misc\\stringformatarg.h",
            "c:\\program files\\epic games\\ue_5.4\\engine\\source\\runtime\\core\\public\\templates\\retainedref.h",
            "c:\\program files\\epic games\\ue_5.4\\engine\\source\\runtime\\core\\public\\templates\\tuple.h",
            "c:\\program files\\epic games\\ue_5.4\\engine\\source\\runtime\\core\\public\\delegates\\integersequence.h",
            "c:\\program files\\microsoft visual studio\\2022\\community\\vc\\tools\\msvc\\14.38.33130\\include\\tuple",
            "c:\\program files\\epic games\\ue_5.4\\engine\\source\\runtime\\core\\public\\hal\\criticalsection.h",
            "c:\\program files\\epic games\\ue_5.4\\engine\\source\\runtime\\core\\public\\windows\\windowscriticalsection.h",
            "c:\\program files\\epic games\\ue_5.4\\engine\\source\\runtime\\core\\public\\misc\\timespan.h",
            "c:\\program files\\epic games\\ue_5.4\\engine\\source\\runtime\\core\\public\\math\\interval.h",
            "c:\\program files\\epic games\\ue_5.4\\engine\\source\\runtime\\core\\public\\uobject\\nametypes.h",
            "c:\\program files\\epic games\\ue_5.4\\engine\\source\\runtime\\core\\public\\containers\\stringconv.h",
            "c:\\program files\\epic games\\ue_5.4\\engine\\source\\runtime\\core\\public\\uobject\\unrealnames.h",
            "c:\\program files\\epic games\\ue_5.4\\engine\\source\\runtime\\core\\public\\uobject\\unrealnames.inl",
            "c:\\program files\\epic games\\ue_5.4\\engine\\source\\runtime\\core\\public\\uobject\\unrealnames.inl",
            "c:\\program files\\epic games\\ue_5.4\\engine\\source\\runtime\\core\\public\\misc\\stringbuilder.h",
            "c:\\program files\\epic games\\ue_5.4\\engine\\source\\runtime\\core\\public\\containers\\stringview.h",
            "c:\\program files\\epic games\\ue_5.4\\engine\\source\\runtime\\core\\public\\string\\find.h",
            "c:\\program files\\epic games\\ue_5.4\\engine\\source\\runtime\\core\\public\\containers\\arrayview.h",
            "c:\\program files\\epic games\\ue_5.4\\engine\\source\\runtime\\core\\public\\templates\\isconst.h",
            "c:\\program files\\epic games\\ue_5.4\\engine\\source\\runtime\\core\\public\\templates\\pointerisconvertiblefromto.h",
            "c:\\program files\\epic games\\ue_5.4\\engine\\source\\runtime\\core\\public\\templates\\losesqualifiersfromto.h",
            "c:\\program files\\epic games\\ue_5.4\\engine\\source\\runtime\\core\\public\\misc\\framenumber.h",
            "c:\\program files\\epic games\\ue_5.4\\engine\\source\\runtime\\core\\public\\misc\\parse.h",
            "c:\\program files\\epic games\\ue_5.4\\engine\\source\\runtime\\core\\public\\math\\color.h",
            "c:\\program files\\epic games\\ue_5.4\\engine\\source\\runtime\\core\\public\\math\\colorlist.h",
            "c:\\program files\\epic games\\ue_5.4\\engine\\source\\runtime\\core\\public\\math\\intpoint.h",
            "c:\\program files\\epic games\\ue_5.4\\engine\\source\\runtime\\core\\public\\misc\\largeworldcoordinatesserializer.h",
            "c:\\program files\\epic games\\ue_5.4\\engine\\source\\runtime\\core\\public\\math\\intvector.h",
            "c:\\program files\\epic games\\ue_5.4\\engine\\source\\runtime\\core\\public\\logging\\logcategory.h",
            "c:\\program files\\epic games\\ue_5.4\\engine\\source\\runtime\\core\\public\\logging\\logmacros.h",
            "c:\\program files\\epic games\\ue_5.4\\engine\\source\\runtime\\core\\public\\logging\\logscopedcategoryandverbosityoverride.h",
            "c:\\program files\\epic games\\ue_5.4\\engine\\source\\runtime\\core\\public\\logging\\logtrace.h",
            "c:\\program files\\epic games\\ue_5.4\\engine\\source\\runtime\\core\\public\\profilingdebugging\\formatargstrace.h",
            "c:\\program files\\epic games\\ue_5.4\\engine\\source\\runtime\\core\\public\\math\\vector2d.h",
            "c:\\program files\\epic games\\ue_5.4\\engine\\source\\runtime\\core\\public\\misc\\networkversion.h",
            "c:\\program files\\epic games\\ue_5.4\\engine\\source\\runtime\\core\\public\\delegates\\delegate.h",
            "c:\\program files\\epic games\\ue_5.4\\engine\\source\\runtime\\core\\public\\templates\\sharedpointer.h",
            "c:\\program files\\epic games\\ue_5.4\\engine\\source\\runtime\\core\\public\\coreglobals.h",
            "c:\\program files\\epic games\\ue_5.4\\engine\\source\\runtime\\core\\public\\hal\\platformtls.h",
            "c:\\program files\\epic games\\ue_5.4\\engine\\source\\runtime\\core\\public\\genericplatform\\genericplatformtls.h",
            "c:\\program files\\epic games\\ue_5.4\\engine\\source\\runtime\\core\\public\\windows\\windowsplatformtls.h",
            "c:\\program files\\epic games\\ue_5.4\\engine\\source\\runtime\\core\\public\\templates\\sharedpointerinternals.h",
            "c:\\program files\\epic games\\ue_5.4\\engine\\source\\runtime\\core\\public\\templates\\sharedpointerfwd.h",
            "c:\\program files\\epic games\\ue_5.4\\engine\\source\\runtime\\core\\public\\autortfm\\autortfm.h",
            "c:\\program files\\epic games\\ue_5.4\\engine\\source\\runtime\\core\\public\\templates\\sharedpointertesting.inl",
            "c:\\program files\\epic games\\ue_5.4\\engine\\source\\runtime\\core\\public\\uobject\\weakobjectptrtemplates.h",
            "c:\\program files\\epic games\\ue_5.4\\engine\\source\\runtime\\core\\public\\uobject\\weakobjectptrtemplatesfwd.h",
            "c:\\program files\\epic games\\ue_5.4\\engine\\source\\runtime\\core\\public\\delegates\\multicastdelegatebase.h",
            "c:\\program files\\epic games\\ue_5.4\\engine\\source\\runtime\\core\\public\\delegates\\idelegateinstance.h",
            "c:\\program files\\epic games\\ue_5.4\\engine\\source\\runtime\\core\\public\\delegates\\delegatesettings.h",
            "c:\\program files\\epic games\\ue_5.4\\engine\\source\\runtime\\core\\public\\delegates\\delegatebase.h",
            "c:\\program files\\epic games\\ue_5.4\\engine\\source\\runtime\\core\\public\\delegates\\delegateaccesshandler.h",
            "c:\\program files\\epic games\\ue_5.4\\engine\\source\\runtime\\core\\public\\misc\\mtaccessdetector.h",
            "c:\\program files\\epic games\\ue_5.4\\engine\\source\\runtime\\core\\public\\hal\\platformstackwalk.h",
            "c:\\program files\\epic games\\ue_5.4\\engine\\source\\runtime\\core\\public\\windows\\windowsplatformstackwalk.h",
            "c:\\program files\\epic games\\ue_5.4\\engine\\source\\runtime\\core\\public\\microsoft\\microsoftplatformstackwalk.h",
            "c:\\program files\\epic games\\ue_5.4\\engine\\source\\runtime\\core\\public\\genericplatform\\genericplatformstackwalk.h",
            "c:\\program files\\epic games\\ue_5.4\\engine\\source\\runtime\\core\\public\\misc\\scopelock.h",
            "c:\\program files\\epic games\\ue_5.4\\engine\\source\\runtime\\core\\public\\delegates\\delegateinstancesimplfwd.h",
            "c:\\program files\\epic games\\ue_5.4\\engine\\source\\runtime\\core\\public\\delegates\\delegateinstanceinterface.h",
            "c:\\program files\\epic games\\ue_5.4\\engine\\source\\runtime\\core\\public\\delegates\\delegateinstancesimpl.h",
            "c:\\program files\\epic games\\ue_5.4\\engine\\source\\runtime\\core\\public\\delegates\\delegatesignatureimpl.inl",
            "c:\\program files\\epic games\\ue_5.4\\engine\\source\\runtime\\core\\public\\uobject\\scriptdelegates.h",
            "c:\\program files\\epic games\\ue_5.4\\engine\\source\\runtime\\core\\public\\delegates\\delegatecombinations.h",
            "c:\\program files\\epic games\\ue_5.4\\engine\\source\\runtime\\core\\public\\misc\\enginenetworkcustomversion.h",
            "c:\\program files\\epic games\\ue_5.4\\engine\\source\\runtime\\core\\public\\misc\\guid.h",
            "c:\\program files\\epic games\\ue_5.4\\engine\\source\\runtime\\core\\public\\hash\\cityhash.h",
            "c:\\program files\\epic games\\ue_5.4\\engine\\source\\runtime\\core\\public\\math\\intrect.h",
            "c:\\program files\\epic games\\ue_5.4\\engine\\source\\runtime\\core\\public\\misc\\byteswap.h",
            "c:\\program files\\epic games\\ue_5.4\\engine\\source\\runtime\\core\\public\\internationalization\\culturepointer.h",
            "c:\\program files\\epic games\\ue_5.4\\engine\\source\\runtime\\core\\public\\internationalization\\textlocalizationmanager.h",
            "c:\\program files\\epic games\\ue_5.4\\engine\\source\\runtime\\core\\public\\async\\taskgraphfwd.h",
            "c:\\program files\\epic games\\ue_5.4\\engine\\source\\runtime\\core\\public\\templates\\refcounting.h",
            "c:\\program files\\epic games\\ue_5.4\\engine\\source\\runtime\\core\\public\\internationalization\\lockeyfuncs.h",
            "c:\\program files\\epic games\\ue_5.4\\engine\\source\\runtime\\core\\public\\internationalization\\loctesting.h",
            "c:\\program files\\epic games\\ue_5.4\\engine\\source\\runtime\\core\\public\\internationalization\\localizedtextsourcetypes.h",
            "c:\\program files\\epic games\\ue_5.4\\engine\\source\\runtime\\core\\public\\internationalization\\textkey.h",
            "c:\\program files\\epic games\\ue_5.4\\engine\\source\\runtime\\core\\public\\internationalization\\text.h",
            "c:\\program files\\epic games\\ue_5.4\\engine\\source\\runtime\\core\\public\\containers\\sortedmap.h",
            "c:\\program files\\epic games\\ue_5.4\\engine\\source\\runtime\\core\\public\\internationalization\\textcomparison.h",
            "c:\\program files\\epic games\\ue_5.4\\engine\\source\\runtime\\core\\public\\internationalization\\stringtablecorefwd.h",
            "c:\\program files\\epic games\\ue_5.4\\engine\\source\\runtime\\core\\public\\internationalization\\itextdata.h",
            "c:\\program files\\epic games\\ue_5.4\\engine\\source\\runtime\\core\\public\\internationalization\\internationalization.h",
            "c:\\program files\\epic games\\ue_5.4\\engine\\source\\runtime\\core\\public\\math\\vector.h",
            "c:\\program files\\epic games\\ue_5.4\\engine\\source\\runtime\\core\\public\\math\\axis.h",
            "c:\\program files\\epic games\\ue_5.4\\engine\\source\\runtime\\core\\public\\math\\vectorregister.h",
            "c:\\program files\\epic games\\ue_5.4\\engine\\source\\runtime\\core\\public\\math\\unrealmathsse.h",
            "c:\\program files\\epic games\\ue_5.4\\engine\\source\\runtime\\core\\public\\math\\unrealmathvectorconstants.h",
            "c:\\program files\\epic games\\ue_5.4\\engine\\source\\runtime\\core\\public\\math\\unrealmathvectorcommon.h",
            "c:\\program files\\epic games\\ue_5.4\\engine\\source\\runtime\\core\\public\\math\\vector4.h",
            "c:\\program files\\epic games\\ue_5.4\\engine\\source\\runtime\\core\\public\\math\\twovectors.h",
            "c:\\program files\\epic games\\ue_5.4\\engine\\source\\runtime\\core\\public\\math\\edge.h",
            "c:\\program files\\epic games\\ue_5.4\\engine\\source\\runtime\\core\\public\\math\\plane.h",
            "c:\\program files\\epic games\\ue_5.4\\engine\\source\\runtime\\core\\public\\math\\sphere.h",
            "c:\\program files\\epic games\\ue_5.4\\engine\\source\\runtime\\core\\public\\math\\matrix.h",
            "c:\\program files\\epic games\\ue_5.4\\engine\\source\\runtime\\core\\public\\math\\rotator.h",
            "c:\\program files\\epic games\\ue_5.4\\engine\\source\\runtime\\core\\public\\math\\matrix.inl",
            "c:\\program files\\epic games\\ue_5.4\\engine\\source\\runtime\\core\\public\\math\\transform.h",
            "c:\\program files\\epic games\\ue_5.4\\engine\\source\\runtime\\core\\public\\math\\quat.h",
            "c:\\program files\\epic games\\ue_5.4\\engine\\source\\runtime\\core\\public\\math\\scalarregister.h",
            "c:\\program files\\epic games\\ue_5.4\\engine\\source\\runtime\\core\\public\\math\\transformnonvectorized.h",
            "c:\\program files\\epic games\\ue_5.4\\engine\\source\\runtime\\core\\public\\math\\transformvectorized.h",
            "c:\\program files\\epic games\\ue_5.4\\engine\\source\\runtime\\core\\public\\math\\capsuleshape.h",
            "c:\\program files\\epic games\\ue_5.4\\engine\\source\\runtime\\core\\public\\misc\\datetime.h",
            "c:\\program files\\epic games\\ue_5.4\\engine\\source\\runtime\\core\\public\\math\\rangebound.h",
            "c:\\program files\\epic games\\ue_5.4\\engine\\source\\runtime\\core\\public\\misc\\automationevent.h",
            "c:\\program files\\epic games\\ue_5.4\\engine\\source\\runtime\\core\\public\\math\\range.h",
            "c:\\program files\\epic games\\ue_5.4\\engine\\source\\runtime\\core\\public\\math\\rangeset.h",
            "c:\\program files\\epic games\\ue_5.4\\engine\\source\\runtime\\core\\public\\math\\box.h",
            "c:\\program files\\epic games\\ue_5.4\\engine\\source\\runtime\\core\\public\\math\\box2d.h",
            "c:\\program files\\epic games\\ue_5.4\\engine\\source\\runtime\\core\\public\\math\\boxspherebounds.h",
            "c:\\program files\\epic games\\ue_5.4\\engine\\source\\runtime\\core\\public\\math\\orientedbox.h",
            "c:\\program files\\epic games\\ue_5.4\\engine\\source\\runtime\\core\\public\\math\\rotationtranslationmatrix.h",
            "c:\\program files\\epic games\\ue_5.4\\engine\\source\\runtime\\core\\public\\math\\rotationaboutpointmatrix.h",
            "c:\\program files\\epic games\\ue_5.4\\engine\\source\\runtime\\core\\public\\math\\scalerotationtranslationmatrix.h",
            "c:\\program files\\epic games\\ue_5.4\\engine\\source\\runtime\\core\\public\\math\\rotationmatrix.h",
            "c:\\program files\\epic games\\ue_5.4\\engine\\source\\runtime\\core\\public\\math\\quatrotationtranslationmatrix.h",
            "c:\\program files\\epic games\\ue_5.4\\engine\\source\\runtime\\core\\public\\math\\perspectivematrix.h",
            "c:\\program files\\epic games\\ue_5.4\\engine\\source\\runtime\\core\\public\\math\\orthomatrix.h",
            "c:\\program files\\epic games\\ue_5.4\\engine\\source\\runtime\\core\\public\\math\\translationmatrix.h",
            "c:\\program files\\epic games\\ue_5.4\\engine\\source\\runtime\\core\\public\\math\\inverserotationmatrix.h",
            "c:\\program files\\epic games\\ue_5.4\\engine\\source\\runtime\\core\\public\\math\\scalematrix.h",
            "c:\\program files\\epic games\\ue_5.4\\engine\\source\\runtime\\core\\public\\math\\mirrormatrix.h",
            "c:\\program files\\epic games\\ue_5.4\\engine\\source\\runtime\\core\\public\\math\\clipprojectionmatrix.h",
            "c:\\program files\\epic games\\ue_5.4\\engine\\source\\runtime\\core\\public\\math\\interpcurvepoint.h",
            "c:\\program files\\epic games\\ue_5.4\\engine\\source\\runtime\\core\\public\\math\\interpcurve.h",
            "c:\\program files\\epic games\\ue_5.4\\engine\\source\\runtime\\core\\public\\algo\\minelement.h",
            "c:\\program files\\epic games\\ue_5.4\\engine\\source\\runtime\\core\\public\\algo\\impl\\rangepointertype.h",
            "c:\\program files\\epic games\\ue_5.4\\engine\\source\\runtime\\core\\public\\math\\curveedinterface.h",
            "c:\\program files\\epic games\\ue_5.4\\engine\\source\\runtime\\core\\public\\math\\float32.h",
            "c:\\program files\\epic games\\ue_5.4\\engine\\source\\runtime\\core\\public\\math\\float16.h",
            "c:\\program files\\epic games\\ue_5.4\\engine\\source\\runtime\\core\\public\\math\\float16color.h",
            "c:\\program files\\epic games\\ue_5.4\\engine\\source\\runtime\\core\\public\\math\\vector2dhalf.h",
            "c:\\program files\\epic games\\ue_5.4\\engine\\source\\runtime\\core\\public\\math\\convexhull2d.h",
            "c:\\program files\\epic games\\ue_5.4\\engine\\source\\runtime\\core\\public\\math\\unrealmath.h",
            "c:\\program files\\epic games\\ue_5.4\\engine\\source\\runtime\\core\\public\\math\\ray.h",
            "c:\\program files\\epic games\\ue_5.4\\engine\\source\\runtime\\core\\public\\modules\\modulemanager.h",
            "c:\\program files\\epic games\\ue_5.4\\engine\\source\\runtime\\core\\public\\misc\\coremisc.h",
            "c:\\program files\\epic games\\ue_5.4\\engine\\source\\runtime\\core\\public\\hal\\threadsingleton.h",
            "c:\\program files\\epic games\\ue_5.4\\engine\\source\\runtime\\core\\public\\hal\\tlsautocleanup.h",
            "c:\\program files\\epic games\\ue_5.4\\engine\\source\\runtime\\core\\public\\modules\\boilerplate\\moduleboilerplate.h",
            "c:\\program files\\epic games\\ue_5.4\\engine\\source\\runtime\\core\\public\\modules\\moduleinterface.h"
        ],
        "ImportedModules": [],
        "ImportedHeaderUnits": []
    }
}